title,newspaper,url,published_at,plain_text,keyword,relevance_score,source,mh_matches
La insolencia de Vinicius hace líder a un Real Madrid que aprovecha la ruina del Barcelona,elconfidencial.com,https://www.elconfidencial.com/deportes/futbol/2020-03-02/real-madrid-barcelona-clasico-vinicius-messi-isco_2476843/,2020-03-02 03:30:00+00:00,"La insolencia de Vinícius hace líder a un Real Madrid que aprovecha la ruina del Barcelona

Vinícius revolucionó el Clásico con un gol y una actuación llena de efervescencia que desesperó al Barcelona. La indolencia define a este adolescente . Y con este descaro marca su camino para triunfar en el fútbol. De lo que no adolece es de personalidad y atrevimiento. Tiene aspectos que pulir. Es un chaval. Y, en su profesión, se le mira con lupa las carencias para acabar las jugadas. Hay algunos avances. El gol del brasileño devuelve el liderato al Real Madrid y la confianza que necesita el equipo de Zinédine Zidane después de la derrota contra el Mancheter City. La apuesta de Zidane tuvo resultados en un Clásico (2-0) que sirve para recuperar el crédito perdido en los últimos partidos. Más por el resultado que por la superioridad en el juego. Tampoco puede sacar pecho el técnico francés de la irregularidad a lo largo del partido. Se aprovechó de la ruina en la que ha caído el Barcelona . Sin alma ni chispa. La mala imagen que se vio en Nápoles tiene continuidad en el Bernabéu. Cuando apretó Vinícius, se desmoronó el Barça.

L a derrota tendrá consecuencias en Quique Setién . Señalado por una alineación conservadora ( con Arturo Vidal, Busquets, De Jong y Arthur ). Solo con Messi y Griezmann arriba. El cántabro prometió buen fútbol y hacer goles. Se va del Bernabéu sin marcar. De un estadio donde el Celta y el City hicieron dos goles cada equipo recientemente. Es un Barça vulgar. Con malas noticias. Messi puede marcar cuatro goles en un día inspirado al Eibar y llevar dos partidos seguidos sin ver portería. El Real Madrid tiró de más orgullo que buen juego. Estaba obligado a no volver a fallar en su estadio y evitar que el conjunto azulgrana pudiera escaparse a cinco puntos. La puntilla la dio Mariano. La gran sorpresa en la convocatoria ( Luka Jovic se quedó fuera ) aprovechó su oportunidad en una cabalgada. Mariano juega con hambre, muerde y no suele perdonar. Dio la puntilla a un Barça desdibujado.

La Liga se aprieta a falta de 12 jornadas con la ligerísima ventaja que coge el Real Madrid. La victoria del Bernabéu hace bueno el empate que se trajo del Camp Nou. ¿Favorito? No hay. Ni el Real Madrid ni el Barcelona pueden relajarse, porque sufren contra cualquier rival y en cualquier campo . Ninguno va sobrado. El campeón parece que este año se decidirá en las últimas jornadas. Hay emoción. Eso es bueno para los aficionados. Pero también hay mucha incertidumbre. Ninguno de los dos equipos es fiable . No ofrecen garantías porque no tienen regularidad. El Barcelona se sigue trastabillando en un fútbol confuso, espeso y aburrido. Setién sigue sin mejorar lo que dejó Ernesto Valverde. El Real Madrid, pese a los goles de Vinícius y Mariano, tiene ese problema con el gol que arrastra desde que se marchó Cristiano Ronaldo ( presente en un palco del Bernabéu ).

Vinícius se lleva el protagonismo en uno de los clásicos más pobres que se recuerdan. No está ninguno de los dos equipos para presumir de buen juego. El partido se tenía que decidir en una acción aislada. Y cayó del lado de Vinícius. El brasileño tuvo fortuna en la definición del tanto. La pelota pegó en Piqué y el desvío confundió a Ter Stegen. Vinícius lo celebró como se merece en estos casos: se llevó la mano al escudo. Sacó la lengua. Bailó. El ritmo de los ataques lo pusieron la velocidad y la profundidad de Vinícius. La solución estaba en una de sus tantas incursiones que descubrió Kroos ( de regreso al once tras no jugar ni un minuto ante el Manchester City ) y en la que no estuvo acertado Piqué . Vinícius juega cada pelota como si fuera la última. No se guarda nada. Siempre está activo. No hay reservas porque no sabe jugar andando. Puede salir atropellado tanto como desquiciar a los rivales. Lo consiguió con esa energía y descaro que le ponen por delante de Bale en los planes de Zidane.

Se desquitó de su buen partido contra el Manchester City y el fallo de un gol cantado . Estaba haciendo méritos para brillar en uno de los grandes partidos que necesita un joven talento para que se lo tome más en serio. Acertó. Hizo el gol que desatascó un mal partido y lo consiguió por el empeño y la perseverancia que tiene su juego. Vinícius es un entusiasta. No desiste pese a que lleve en la mochila la fama de futbolista fallón . ""Kroos y yo ensayamos en los entrenamientos y hoy salió. Tiré a la portería. Tenemos que seguir así. Creo que hemos jugado muy bien y merecimos ganar"".

El Clásico revitaliza al Real Madrid. El equipo tenía atravesado el gol y se encuentra que, por fin, marca Vinícius y recupera a uno que estaba en el ostracismo. Mariano se resistió a irse del Real Madrid en verano y en invierno . En marzo, sale y marca un gol en el Clásico. El Barcelona de Setién sigue instalado en la mediocridad. Dio la sensación de ser un equipo sin alma, con poco espíritu y menos carácter que el Real Madrid. Este Barcelona no es que haya perdido identidad. Los problemas son más graves cuando se ve en las caras de los jugadores la desconfianza. ¿De qué sirvió la charla privada que le dio Pep Guardiola a Quique Setién? De nada. Es un desastre para los que se enamoraron de un equipo que castigaba a los rivales con la pelota. Ni fluidez ni bloque, y frágil en defensa.

Los mejores, al margen de Vinícius, estuvieron en las porterías: Courtois y Ter Stegen . Mala señal para cada equipo. El belga tuvo tres intervenciones en la primera parte . El alemán sacó una mano a un disparo a la escuadra de Isco en la segunda parte. Fue un partido alocado, sin control y alternativas. En unas fases apretó el Madrid y en otras el Barcelona. Cuando cada equipo tuvo el dominio o el control del juego, demostró sus carencias en la circulación del balón, la inspiración y la puntería. Hasta que apareció Vinícius para romper por su banda y recuperar el pulso de un equipo que no se podía permitir otro tropiezo.

Vinícius revolucionó el Clásico con un gol y una actuación llena de efervescencia que desesperó al Barcelona. La indolencia define a este adolescente . Y con este descaro marca su camino para triunfar en el fútbol. De lo que no adolece es de personalidad y atrevimiento. Tiene aspectos que pulir. Es un chaval. Y, en su profesión, se le mira con lupa las carencias para acabar las jugadas. Hay algunos avances. El gol del brasileño devuelve el liderato al Real Madrid y la confianza que necesita el equipo de Zinédine Zidane después de la derrota contra el Mancheter City. La apuesta de Zidane tuvo resultados en un Clásico (2-0) que sirve para recuperar el crédito perdido en los últimos partidos. Más por el resultado que por la superioridad en el juego. Tampoco puede sacar pecho el técnico francés de la irregularidad a lo largo del partido. Se aprovechó de la ruina en la que ha caído el Barcelona . Sin alma ni chispa. La mala imagen que se vio en Nápoles tiene continuidad en el Bernabéu. Cuando apretó Vinícius, se desmoronó el Barça.

Lotería Nacional hoy: comprobar resultados del sorteo y números premiados sábado 7 de febrero, en directo

Última hora de la borrasca Marta | Ascienden a 11.000 los desalojados y Andalucía pide al Gobierno usar el Fondo de Contingencia

Japón y Noruega mezclan madera con arena y descubren que pueden convertir el desierto en hormigón

Cómo se vivió el bote de 'Pasapalabra' desde dentro: la intrahistoria del último gran hito televisivo en Antena 3

Adif presiona a los maquinistas para que el tren de prueba que revisa las vías circule con pasajeros

El monumento que tienes que visitar sí o sí en Aragón: una ermita en la roca con una de las mejores vistas del Prepirineo

Tim Spector, epidemiólogo: ""El brócoli, la coliflor o el repollo contienen sulforafano, un antioxidante con propiedades anticancerígenas""

Ponen un robot a ver YouTube y lo que aprende es una habilidad (casi) única de los seres humanos

Así es visitar Palma de Mallorca en invierno, según un tiktoker: “Esto es un poco el panorama... Así sí, ¿no?”

Andre Alonso, experto en plantas: ""Cuando riegues tu planta tienes que inundarla, el agua debe llegar a la raíz""

Cristina Cifuentes habla sobre el momento más doloroso de su vida: ""No tenía fuerzas para seguir luchando. Me preparé para morir""

Álvaro Puche, entrenador, sobre cómo aprovechar los gimnasios al aire libre: ""Ejercicios para las personas mayores con síndrome cruzado superior""

Los soldados rusos se disfrazan de 'pingüinos' en Ucrania y el resultado es exactamente el que te imaginas

En 2023, una IA analizó un cuadro de Rafael: ahora sabemos que encontró un 'secreto' oculto durante cientos de años

Ainhoa Vila, psicóloga: ""La exposición a la sensación es una herramienta para trabajar la inseguridad que tiene evidencia empírica""

León Tolstói, escritor ruso: “Todo el mundo piensa en cambiar la humanidad, pero nadie piensa en cambiarse a sí mismo”

Si te gusta 'Solo asesinatos en el edificio', tienes que ver esta película en Prime Video, con dos de sus protagonistas

La ruta de senderismo que tienes que hacer sí o sí en Extremadura: un paseo sencillo hasta este santuario rupestre con dos ojos que es Bien de Interés Cultural

Elsa Punset, escritora y divulgadora: ""Nos han enseñado a decidir rápido, sin mirar atrás""

Patrick Mouratoglou, entrenador de tenis, sobre la comparación del Big Three con Alcaraz y Sinner: ""Un partido nunca cuenta toda la historia""

Es una joya del cine histórico, está ambientada en la Antigua Grecia y la puedes ver en Prime Video

Ni en la puerta ni en cualquier balda: el error con los huevos en la nevera que favorece la aparición de bacterias

Martin Scorsese odia las películas de superhéroes, excepto esta: la única que salvaría de la hoguera

Marta Barranco, psicóloga: “Si la relación se rompe por un conflicto, no era una relación segura”

Gonzalo Bernardos, economista, sobre los jóvenes españoles: “Si no tienen suficiente para gastar, llaman a sus padres y ellos se lo dan”

Javier Fernández, expatinador español, sobre los Juegos OIímpicos de Invierno: ""Que confíen en ellos mismos, en el trabajo que han hecho""

Simulan una explosión nuclear en el espacio y descubren que bombardear un asteroide para desviar su trayectoria podría ser mala idea

La exigencia de Jack Draper para alcanzar a Alcaraz y Sinner que terminó en una grave lesión: ""Era mi objetivo, y mi cuerpo se descompuso""

La AEMET activa el aviso amarillo por nevadas en la Comunidad de Madrid: ""Es fundamental extremar las precauciones""

En 1982, un hombre encontró una paloma muerta en su chimenea: portaba un mensaje cifrado de la II GM

Carla Nebulosa, española viviendo en Noruega: “Si buscas el número de teléfono de alguien en Google te sale hasta las coordenadas de su casa”

La estantería de Leroy Merlin que cuesta menos de 40 euros y queda bien en cualquier espacio

El encantador mirador por el que debemos dejarnos caer si viajamos a Cantabria: un tronco de árbol que ofrece las mejores vistas del atardecer

El hogareño pueblecito de Navarra que debemos visitar este invierno: de origen medieval en torno a un popular monasterio

Lidl ha sacado una máquina de hacer hielo y me ha ahorrado un montón de espacio en el congelador

Movimiento de última hora en TVE: cancela la emisión de 'Cine de barrio' este sábado en favor de 'Aquí la Tierra'

Astrónomos aficionados recibieron una señal procedente de un objeto situado a 25.000 millones de km de la Tierra

Felipe Sacristán, mecánico: ""Cuando vayas por autovía y pares a repostar no quites inmediatamente la llave del contacto""

Estas zapatillas de Skechers son ideales si pasas muchas horas de pie: cómodas y fáciles de poner

Descubre el pueblo vasco más barato para jubilarse en 2026: con precios muy por debajo de la media de la comunidad

Viaja al Siglo de Oro en Cantabria: así es el mercado medieval con música gratis y teatro en la calle que conmemora el Privilegio de Vara

Los aficionados del Real Oviedo se quedan tirados en Madrid: ""¿Quién nos va a devolver el dinero?""

LaLiga suspende el Rayo-Oviedo por el pésimo estado del césped y la plantilla no puede más

La extraña amistad de Bellingham y Mastantuono: cómo el inglés se convirtió en su hermano mayor

Cancelado el GP de Qatar de MotoGP por el coronavirus y por qué Marc Márquez aplaude","covid, coronavirus, pandemia",10.0,GDELT,psicóloga
Botón de pausa,eldiario.es,https://www.eldiario.es/canariasahora/canariasopina/Boton-pausa_6_1002359792.html,2020-03-04 23:15:00+00:00,"Hace unos días The New York Times promocionaba un artículo de un periodista que se estrenaba en el medio con una crítica hacía el mismo, un nivel de autocrítica al que todavía no hemos llegado en España. Algunas compañeras periodistas decidieron compartirlo en redes a raíz del debate sobre la decisión del El País de lanzar una suscripción digital. En esa espiral muchos lectores se quejaban en redes de que los medios solo se nutren del famoso clickbait, esa técnica de poner un titular llamativo y contar todo lo contrario de lo que se anuncia en el titular. Se señalaba como posible solución la creación de un Spotify informativo, donde el lector pudiera leer a la carta. Todo esto pasaba mientras se transmitía el minuto a minuto con el coronavirus en la mayoría de los medios de comunicación.

El coronavirus se ha convertido en la infección de la que de repente todo el mundo tiene pánico y de la que todo el mundo puede hablar. En redes sociales, en WhatsApp o en el trabajo, porque todas y todos “somos expertos en todo”. Cada vez relativizamos menos y tenemos menos ganas de atribuir contexto a los problemas complejos o simplemente en soltar un “no sé”. Vivimos enganchadas en el minuto a minuto, en la última hora de Ferreras y no nos tomamos tiempo para asimilar la información, para digerir, para asumir que no tenemos por qué tener una opinión tajante. Las redes se han convertido en un enorme submundo repleto de alarmismo.

Está claro que el ritmo frenético al que estamos acostumbradas y acostumbrados a vivir no es una razón que justifique la barra libre en el periodismo. Pero es responsabilidad de la ciudadanía mantener esa línea de autocrítica con casos como los del coronavirus. No es la primera vez que en España el Ministerio de Sanidad se enfrenta a algo desconocido, recordemos la crisis del ébola o la gripe A. Por eso no debemos tomarnos cada caso de coronavirus como si fuera una crisis que va a erosionar el planeta por la mitad.

El coronavirus no es el único caso en el que se percibe ese nivel de ‘alerta’. Otro ejemplo de ello es como, por ejemplo, programas como el de Ana Rosa Quintana o Espejo Público abren debates ilógicos sobre cuestiones en las que la mayoría de las personas, excepto Iván Espinosa de Los Monteros, estamos de acuerdo. Debates sobre los toros, la televisión pública, los giros de Podemos o los de Cayetana Álvarez de Toledo. Las redes sociales son una ruleta rusa que debemos saber gestionar. Son muchas las ocasiones en las que mi salud mental agradece no entrar al debate, silenciar el último mensaje de WhatsApp, darle al botón de pausa y seguir viviendo.","covid, coronavirus, pandemia",30.0,GDELT,salud mental
Las lecciones que España tiene que aprender de China en la crisis del coronavirus,elconfidencial.com,https://www.elconfidencial.com/tecnologia/ciencia/2020-03-05/coronavirus-china-espana-covid19-sarscov2_2481612/,2020-03-05 04:30:00+00:00,"Las lecciones que España tiene que aprender de China en la crisis del coronavirus

La OMS ha alabado al Partido Comunista por su gestión de la crisis sanitaria. Ahora, en China se ve con estupor que el resto del mundo no aprenda de su experiencia

“Me sorprende el descontrol que hay en Europa. Parece que ni las Autoridades ni la gente se toma en serio la amenaza del coronavirus”. Así de rotundo se manifiesta Chen Shufeng, un joven de Shanghái que, como muchos otros empleados en la capital económica de China, lleva varias semanas trabajando desde casa y siguiendo al minuto las noticias sobre la propagación del SARS-CoV-2 por el mundo. “La Organización Mundial de la Salud ha aplaudido las medidas que ha tomado China, pero parece que en el extranjero todo es un caos y por eso los casos nuevos que se registran cada día en el resto del mundo superan a los nuestros”, dispara.

Efectivamente, desde el pasado día 26, se registran más contagios fuera de China que dentro. Y la OMS aplaude a Pekín. “La experiencia de China con el Covid-19, y el trabajo que está haciendo para hacerle frente, es algo de lo que el mundo debe aprender”, ha afirmado la organización. “Debemos agradecer lo que ha hecho China porque sus drásticas medidas nos han dado más tiempo para prepararnos”, añadió Bruce Aylward, uno de los especialistas de la OMS que ha visitado China. Los científicos que lo acompañaron hasta Wuhan, epicentro de la epidemia, coincidieron en señalar que el descenso en el número de casos registrados en el gigante asiático es real y no una invención de la propaganda comunista.

“Miles de personas no se han infectado por las medidas implementadas”, sentenció Aylward. No obstante, la OMS reconoce que esas restricciones no tienen por qué funcionar en todo el mundo. En cualquier caso, ¿qué ha hecho China que no se está haciendo en otros países?

El coronavirus no es la gripe común. Su capacidad para infectar a las personas es notablemente superior —en torno al doble, según diferentes estudios—, lo mismo que su tasa de mortalidad —entre cinco y 40 veces más, dependiendo del lugar y de la cepa de la influenza—. Pero, sobre todo, el peligro del SARS-CoV-2 reside en su capacidad para agotar los recursos médicos del sistema sanitario. Si la gripe ya colapsa a menudo los servicios de Urgencias, el coronavirus puede provocar un caos mayor, ya que un número importante de infectados —entre el 10% y el 15%— acaba ingresando en la UCI. Sin duda, el cuidado que reciben allí es vital para rebajar la mortalidad.

“Simplemente, no hay suficientes camas ni personal. Eso no solo afecta a los infectados, también a quienes sufren otras enfermedades y no reciben la atención que requieren. Por eso, China no ha desdeñado el peligro que supone el coronavirus en ningún momento”, comenta un médico del Hospital de Ruijin, en Shanghái, uno de los más prestigiosos de la ciudad. “Para controlar la epidemia, nos hemos visto obligados a reducir el tiempo que dedicamos al tratamiento de enfermos crónicos. Afortunadamente, estamos tratando de desarrollar herramientas digitales para ofrecer servicio a domicilio siempre que sea posible”, apunta la portavoz de la Comisión de Sanidad de Shanghái, Zheng Jin.

Después de haber reconocido el peligro que supone el coronavirus, donde China ha marcado realmente la diferencia con el resto del mundo ha sido en las medidas que ha puesto en marcha para contener la epidemia. Empezando desde la cuarentena impuesta a todos los ciudadanos de la provincia de Hubei y a un buen número de quienes se han movido por el país y el extranjero —en total, casi 60 millones de personas, más que la población de Italia—, hasta el cierre de comercios, fábricas, e instituciones públicas.

En definitiva: desde que el Gobierno declaró el cierre a cal y canto de Wuhan el pasado 23 de enero, la segunda potencia mundial ha priorizado la salud de sus ciudadanos sobre los efectos de sus drásticas medidas en la economía. “También se puede pensar que ha preferido concentrar el impacto económico en el primer trimestre, asegurarse de que acaba con el virus, y evitar así que el daño sea mayor y se alargue en el tiempo”, opina el vicepresidente de la Cámara de Comercio Europea en China, Carlo Diego D’Andrea.

En cualquier caso, China va a pagar caras las consecuencias. El crecimiento económico, que ya se encontraba en mínimos de las últimas tres décadas, puede incluso terminar siendo negativo en el primer trimestre. Sería la primera vez que eso sucede desde que se fundó la República Popular, y las consecuencias se van a sentir en todo el mundo: instituciones como el Fondo Monetario Internacional y el Banco Mundial ya han advertido de que el coronavirus puede dar al traste con la recuperación global.

La segunda potencia mundial ha priorizado la salud de sus ciudadanos sobre los efectos de sus drásticas medidas en la economía

“China ha mostrado gran responsabilidad en la gestión de la crisis sanitaria. Por eso, vemos con preocupación y cierta rabia que el resto del mundo, sobre todo en Europa, no se tomen medidas similares para evitar que el virus se propague y, en el peor de los casos, se haga endémico como la gripe. Entiendo que a los gobiernos democráticos les cueste poner en marcha medidas antipopulares, pero deberían tener visión a más largo plazo”, critica un empresario español con sede en Ningbo que prefiere no dar su nombre.

Así, se ha llegado a una situación cuando menos curiosa: China impone ahora la cuarentena a quienes llegan de países incapaces de controlar sus brotes, entre los que se encuentran países en vías de desarrollo como Irán, pero también otros desarrollados y democráticos como Corea del Sur o Italia. China ya ha detectado varios contagios importados desde allí.

Uno de los momentos en los que China ha maravillado al mundo durante la crisis del coronavirus se ha dado cuando decidió levantar dos hospitales de campaña en solo 10 días. Aunque su calidad es cuestionable y muchos lo ven como un acto propagandístico, han servido para aislar a un buen número de infectados del resto de la población hospitalaria. “Las cuarentenas pueden ser peligrosas para quienes no están contagiados, como se ha demostrado en Japón con la que se decretó en el interior del crucero Diamond Princess. Por eso, lo mejor es establecer instalaciones específicas para quienes dan positivo o presentan los síntomas de la Covid-19”, explica el doctor de Ruijin.

Ni es sencillo ni resulta barato levantar hospitales de campaña o instalaciones para realizar cuarentenas, pero China está convencida de que son un elemento de gran ayuda. Y los resultados parecen darle la razón. “También pueden servir para proteger mejor al personal sanitario”, añade el médico chino.

Una de las cosas que más sorprendió al inicio de la crisis sanitaria, tanto a chinos como a europeos, fue que en la Unión Europea no se estableciesen siquiera controles a la llegada de quienes aterrizaban en su territorio. En España, al principio, ni siquiera se quería permitir que la Guardia Civil se protegiese con mascarillas, y nunca se estableció un control de temperatura. El Ministerio de Sanidad respondió por Twitter que sigue las recomendaciones de la OMS, algo que no es cierto porque la organización desde el principio recomendó establecer controles. En China, sin embargo, los termómetros de infrarrojos están por doquier, lo mismo que las cámaras térmicas. De hecho, en Chengdu ya patrullan efectivos armados con cascos capaces de detectar la temperatura corporal a cinco metros de distancia.

Es cierto que no faltan quienes afirman que estas medidas son ineficaces porque el virus tiene un período de incubación de hasta 24 días y se han detectado varios casos asintomáticos que pasarían desapercibidos en un control de temperatura. Pero, aunque no hay estadísticas oficiales, esos termómetros también han servido para identificar a contagiados. “Además, dan confianza a la población, que ve que se están tomando medidas. No se puede dejar a un lado la vertiente psicológica que tiene una situación así”, comenta el médico de Ruijin.

Finalmente, están los nuevos sistemas de control de la población: desde las cámaras de reconocimiento facial, hasta las aplicaciones que rastrean los movimientos y que se han convertido en el pasaporte de los ciudadanos. “Hemos enviado 952 millones de mensajes informando sobre la epidemia, y hemos utilizado las nuevas redes 5G para desarrollar plataformas médicas de largo alcance”, comenta Wang Tianguang, vicesecretario de Comunicaciones del Ayuntamiento de Shanghái. El Gobierno ha hecho hincapié en que el Gran Hermano que ha construido, a menudo con fines represivos, es útil para identificar a la gente que ha podido estar en contacto con infectados. En el mundo democrático, sin embargo, esa cesión de datos privados es difícil de digerir.

China también ha dado una lección importante no por sus aciertos sino por el principal error que ha cometido. Durante el inicio de la epidemia, las autoridades provinciales de Hubei optaron por barrer al coronavirus debajo de la alfombra, y castigaron a los médicos que dieron la voz de alarma. El fallecimiento de Li Wenliang provocó una crisis política a nivel nacional, y después se ha sabido que los laboratorios que primero identificaron el SARS-CoV-2 fueron obligados a callar y a destruir los documentos. Eso, sin duda, propició la propagación del coronavirus y, sobre todo, retrasó la toma de las medidas que luego sí han tenido éxito en su contención.

Afortunadamente, los científicos chinos sí que actuaron con mayor celeridad y transparencia en lo que se refiere a la secuenciación genética del coronavirus. Eso ha permitido que los expertos de todo el mundo hayan arrancado investigaciones de todo tipo, incluidas las que pueden dar como resultado una vacuna. Pero tan importante como la transparencia científica es la política: las medidas que se van a tomar deben ser claramente detalladas al público e implementadas con el menor número de discrepancias posibles. “No habría tenido sentido que España controlase la llegada de quienes volaban desde China si no se hacía lo mismo en el resto del espacio Schengen. Debe establecerse un criterio unificado para territorios en los que no hay fronteras”, advierte el médico chino.

“Me sorprende el descontrol que hay en Europa. Parece que ni las Autoridades ni la gente se toma en serio la amenaza del coronavirus”. Así de rotundo se manifiesta Chen Shufeng, un joven de Shanghái que, como muchos otros empleados en la capital económica de China, lleva varias semanas trabajando desde casa y siguiendo al minuto las noticias sobre la propagación del SARS-CoV-2 por el mundo. “La Organización Mundial de la Salud ha aplaudido las medidas que ha tomado China, pero parece que en el extranjero todo es un caos y por eso los casos nuevos que se registran cada día en el resto del mundo superan a los nuestros”, dispara.

- ¿4.400 UCI llegan? Los hospitales encaran su gran 'prueba de estrés' por el coronavirus José Pichel Manuel Ángel Méndez Gráficos: María Zuil

- ¿Adiós al coronavirus con el calor? Por qué nadie sabe qué pasará al llegar la primavera José Pichel

- ¿Aislado en casa por el Covid-19? Así se debe actuar para no propagar el coronavirus José Pichel","covid, coronavirus, pandemia",100.0,GDELT,estres;estrés
Coronavirus y niños : ¿ Qué contar y cómo ? ,eldiario.es,https://www.eldiario.es/nidos/Coronavirus-ninos-contar_0_1002650625.html,2020-03-07 22:45:00+00:00,"Coronavirus y niños: ¿Qué contar y cómo?

Es, sin duda, el monotema. Solo con encender el televisor o la radio vemos que el pánico se ha propagado más rápido que COVID-19. Nuestros hijos e hijas no son ajenos al alarmismo y las preguntas sobre el coronavirus se multiplican en familias incluso con niños muy pequeños. ¿Cómo hablarles de esta enfermedad? ¿Qué pautas podemos darles? Hablamos con la médica de SAMU-Asturias Marta Nonide, con Marián García, conocida como Boticaria García, doctora en farmacia y profesora de la Universidad Isabel I, y con el psicólogo Alberto Soler para poner un poco de orden en medio del alarmismo.

“Mis hijos anoche mismo me decían que habían oído que se ha muerto una niña de cuatro años. Hay que hablar con ellos para desmentir todas esas informaciones y decir que como es un virus nuevo la gente se ha puesto nerviosa y hay mucha gente diciendo cosas que no son verdad, que tiene que preguntar a mamá a papá o a las profes”, cuenta Marián García. Precisamente el psicólogo Alberto Soler señala que para empezar a dar información, “lo mejor es esperar a que los niños nos hagan preguntas. No vamos a dar más información de la que nos piden ni de la estrictamente necesaria”. Para Soler, el mensaje principal que tenemos que transmitir a nuestros hijos ante sus preguntas sobre el coronavirus “es la calma”.

Marta Nonide, sanitaria, cuenta que en su casa ya se ha hablado mucho del coronavirus: “En los niños hay más curiosidad que agobio, sobre todo si los adultos que estamos a su lado no les transmitimos ningún tipo de temor”. A la médica asturiana sus hijos ya le han preguntado qué es el coronavirus y por qué la gente está tan asustada. Y ella empieza tratando de quitarles el miedo, recalcando que “esto no es tan sumamente especial ni tan sumamente horrible. Les explico que es un virus que viene de los animales como muchos otros que hay por ahí, porque de momento no se ha acabado el mundo y esto ha pasado muchísimas veces. Me preguntan por qué tanta alarma y les explico que porque hay gente que se pone muy malita. Me preguntan quiénes se mueren y les explico que la gente muy mayor y la gente muy enferma”.

Reconoce que sus hijos han tratado de saber qué pasaría si se contagiara y les señala que “habrá que hacer lo que nos manden. Y hasta que no nos lo manden pues no hay nada que hacer”. En niños muy pequeños, Nonide recomienda “abordar este tema, si preguntan, como un virus más. Se les puede contar que es un bichito que se te ha metido dentro y te hace estar mal y mientras esa persona está mal pues hay que cuidarla y puede que los médicos piensen que es mejor que esté en el hospital y hay que intentar acercarse lo menos posible y molestarle lo menos posible para que esté tranquila. No te van a preguntar mucho más”.

García nos invita a hablar a nuestros hijos de esta nueva enfermedad recordando “cuando tuviste la gripe, cuando tuviste fiebre o cuando tenías problemas que no podías respirar muy bien” y concluir que esto sería algo parecido. Los expertos consultados se muestran tajantes: nada de exponer a los niños a informaciones sobre la epidemia en los medios de comunicación. Como señala García, “ver las noticias con los niños pequeños ahora mismo no les hace ningún bien, porque las noticias son un monotema con imágenes muy agresivas, con mascarillas, hospitales, camillas envueltas en plásticos...y esto genera mucho miedo e inseguridad”.

El alarmismo por este virus puede tener algo bueno, como coinciden las tres personas entrevistadas. Y es que por fin reconozcamos la importancia de medidas de prevención básica. “El lavado de manos es imprescindible y no lo hace casi nadie. Las protecciones respiratorias entre sanitarios y pacientes tampoco a veces se hacen bien porque lo hemos banalizado. Y la gente va a trabajar con fiebre y el virus termina llegando a una persona a la que puede matar”, lamenta Nonide.

“Tal vez esta crisis del coronavirus sirva para ponernos en esta perspectiva de prevención”, señala. Marián García pone también una nota positiva: nuestros hijos e hijas “tienen que saber que la OMS subraya que el lavado de manos es la mejor medida para prevenir contagio”. Quizá, la próxima vez que les digamos que se laven las manos “no les entre por un oído y le salga por el otro”.

Además, invita a aprovechar la ocasión para hablar de las vacunas. “Muchas veces los niños tienen miedo a las vacunas y se les puede decir que precisamente la gente se ha puesto muy nerviosa porque no hay vacuna, a diferencia del sarampión o la varicela u otras enfermedades”.

Frente a la vorágine de información alarmista, Alberto Soler ve que esta “es una ocasión magnífica para poder contribuir a fomentar el pensamiento crítico”, no solo entre niños sino también entre adultos. Por eso, recomienda, “informarnos de fuentes fiables. No podemos dejarnos llevar por rumores ni por noticias en medios que suene la alarma o que deforman la realidad”. Incluso, invita Marián García, podemos enseñar a los niños cómo buscar información de fuentes fiables. “Podemos enseñarles la página de la OMS y del Ministerio de Sanidad porque han publicado infografías con dibujitos sobre cómo lavarse las manos”.

El alarmismo por el virus está mostrando una cara poco amable y bastante fea. El robo de mascarillas, el racismo hacia personas de origen asiático o el amarillismo de algunos medios nos ponen frente a una realidad que nuestros hijos e hijas ven y ante la cual podemos aprovechar para educar. Así lo ve Alberto Soler: “Si hablamos del robo de mascarillas podríamos preguntarles: '¿A ti eso qué te parece? ¿Qué consecuencias podría tener?', evitando el sermón moralizante y lanzando una pregunta y esperar a ver qué nos contesta. Que hagan ellos su reflexión, no que la hagamos nosotros”. Frente al racismo, Alberto recuerda que esta “es otra ocasión para enseñar a nuestros hijos que los virus no entiende país ni de nacionalidad. Que todas las personas somos exactamente iguales y tenemos los mismos derechos”.

En resumen, Nonide subraya cuál está siendo su cometido estos días en medio de la vorágine: “Estamos intentando poner un poco de cordura o de ordenar las cosas que nos van contando de manera que al menos se entiendan y no sean informaciones sueltas alarmistas sin sentido”. Tal vez sea buena idea ponernos esto como tarea también en la familia.","covid, coronavirus, pandemia",100.0,GDELT,psicologo;psicólogo
Voces femeninas : desde la China más profunda,lavanguardia.com,https://www.lavanguardia.com/cultura/culturas/20200308/473975659693/libros-feminismo-china-lin-bai.html,2020-03-08 07:00:00+00:00,"Ha querido la casualidad que en medio de la crisis por el coronavirus nos llegue un libro procedente del mismo corazón de la provincia de Hubei, origen de la epidemia, y una de las zonas rurales hasta ahora más desconocidas del gigante asiático. Lo hace de la mano de Lin Bai (Beiliu, 1958), autora de referencia en China, que junto a la escritora Chen Ran, abanderan desde los años noventa la nueva corriente de literatura femenina y feminista en China.

Habladuría de mujeres es un mosaico antropológico de la vida en el campo desde el punto de vista de las mujeres, aspecto muy poco visitado por la literatura del país; de ahí su interés. Además, está escrito con la frescura y la espontaneidad del lenguaje oral; de ahí su riqueza. Cotilleos, habladurías, creencias, recuerdos... que la autora traslada al papel, sin filtros, simulando ser una mera transmisora de conversaciones ajenas, “con el mismo tono, la misma viveza y simplicidad del lenguaje hablado, con su brillantez y su encanto”.

La obra retrata un mundo en el que conviven prostitución, infidelidades, supersticiones y tradiciones chinas

Se trata de una obra publicada en 2005, la última de la autora, que vino a continuar un proyecto de escritura femenina que comenzó en 1994 con Una guerra personal y Todo florece (2003), ambas sin traducción en España y por las que se ha bautizado a la autora como una de las que mejor ha retratado la China post-Mao. En Habladuría de mujeres, pero, abandona la senda de la prosa literaria para adentrarse en la lengua hablada como género, dando como resultado “la más sencilla” de sus novelas, en palabras de la propia Lin Bai, pero también “la que da más sensación de realidad”, donde se sirve de mujeres de origen rural con vidas en apariencia vulgares para crear un discurso biográfico único.

Utiliza como narradora a un personaje ficticio, Mu Zhen, a través de la cual deja que las mujeres se expresen por sí mismas. Y así nos adentramos en un mundo totalmente ajeno para estas latitudes lleno de infidelidades y segundas esposas, donde la prostitución es consentida y contemplada como única vía de supervivencia de las chicas del campo en la ciudad. Un mundo obsesionado por el juego y las apuestas –el mahjong parece ser el deporte nacional que practican hombres y mujeres a todas horas–, lleno de supersticiones –la narradora miente continuamente sobre el año de su nacimiento porque eso la haría tener 40 años y ese es un número de muy mala suerte– y de tradiciones como tirar fuegos artificiales la noche del Año Nuevo chino o la de cortar el pelo a los moribundos.

La novela abandona la prosa literaria y apuesta por la frescura y la espontaneidad del lenguaje oral

Lin Bai nos habla de ausencias, enfermedades, avaricia, maltrato, suicidio, sueños, hijos, hijas... de sexualidad y también de uno de los temas que más impactan en el libro, como es el del asesinato masivo, sobre todo de niñas, que estuvo vigente en China entre 1979 y el 2015 para cumplir la política de hijo único. El capítulo Recoger una niña abandonada es sólo el ejemplo de una atrocidad que ha marcado a toda una generación de chinos, sobre todo a sus mujeres, muchas de ellas supervivientes.","covid, coronavirus, pandemia",40.0,GDELT,suicidio
Mujeres a pie de calle contras las violencias machistas,lavanguardia.com,https://www.lavanguardia.com/vida/20200308/474020583847/mujeres-8-m-profesionales-capdevila-valenzuela-avellaneda-echevarria-vazquez.html,2020-03-08 10:30:00+00:00,"La doctora Lluïsa Garcia-Esteve lleva un lazo lila en su bata blanca. Podría parecer que se lo ha puesto porque hoy es 8-M, día Internacional de la Mujer, pero lo lleva siempre. Es un símbolo de que en su día a día al frente de la Comisión de Violencia Intrafamiliar y de Género del hospital Clínic, que ella preside, se aplica desde el principio hasta el final la perspectiva de género. Porque esta es la única vía posible para dar una respuesta válida a las víctimas de agresiones sexuales, desde que una mujer llega hasta años después si es necesario.

El Clínic es el centro de referencia en Barcelona en la atención a las personas que han sido agredidas sexualmente, y allí también trabaja Teresa Echevarría, coordinadora de urgencias de noche y miembro de la Comisión de Violencia. Mujeres a pie de calle en la lucha contra las violencias machistas porque al margen de los debates, de las polémicas políticas sobre leyes, de las cifras, ésta es una dura realidad que golpea cada día. Y muchas mujeres hacen de su profesión un combate para acabar con ella.

Ruth Capdevila es la directora del Servei d’Atenció Recuperació i Acollida (SARA) del Ayuntamiento de Barcelona, Carmen Valenzuela es diputada de la Junta del Col.legi de l’Advocacia (ICAB) y responsable del turno de oficio, Judith Avellaneda es caporal de la Unitat Central d’Atenció a la Víctima dels Mossos d’Esquadra. Cada una trabaja desde un ámbito diferente, pero hay un hilo conductor en su análisis de la situación y en cómo hay que afrontar el día a día. En la sociedad, explica Capdevila, cada vez hay más conciencia de que la violencia machista existe, que es un problema estructural y hay un cambio de mentalidad que está llevando a las mujeres a revelarse y a buscar la ayuda antes.

“Aquí, en nuestro servicio –indica– no se pone en duda el relato de las mujeres que llegan”. Es un servicio de urgencia que atiende a toda las mujeres que con situaciones de alto y medio riesgo de violencia machista acuden en busca de ayuda. Desde el SARA se analiza su situación y es la puerta de acceso a todo tipo de servicios de apoyo y de acogida.

El Clínic es el centro de referencia en Barcelona en la atención a las personas que han sido agredidas sexualmente

La Vanguardia convocó el viernes a estas cinco profesionales que se arremangan contra la violencia machista para conocer su trabajo y para ilustrar la lucha de este 8-M, dos años después de la gran eclosión en España del movimiento feminista. El coronavirus empieza siendo el tema de conversación porque median los saludos y porque vienen dos representantes del hospital Clínic. Pero enseguida, y de forma natural, la charla se dirige hacia sus profesiones, y se crea una especie de networking para intentar mejorar los aspectos que fallan en el abordaje de estas violencias.

Sale alguna reunión de trabajo para coordinar y ampliar estrategias en un futuro próximo. Y se intercambian teléfonos.

La violencia machista no distingue ni de profesiones ni de clases sociales, subraya la abogada Carmen Valenzuela, que atiende a víctimas y agresores. “Seguimos con un problema educacional importante –explica- sí que es cierto que la sociedad está más concienciada, pero aún no detecto grandes cambios en esta última década”.

“Las órdenes de protección no funcionan, los juicios se han de señalar con más celeridad porque si se celebran pasados ocho meses hay muchas víctimas que desisten, los hombres agresores ejercen un gran chantaje emocional, sigo viendo mucho machismo …”. No se trata tanto de cambiar las leyes como de cambiar una cultura machista. “Tenemos que abrir todos los ojos –pide la abogada–, podemos tener la violencia al lado y hay que saber verla,detectarla. Al menos, esto sí que va cambiando”.

La forma de atender a las víctimas de agresiones sexuales ha cambiado si se echa la vista atrás, al menos a manos de estas mujeres que abren camino. No hace tanto que se empieza a entender el carácter estructural de las violencias machistas, los ataques a las mujeres por el hecho de serlo.

Ahora, explica Echevarria, se da un apoyo integral que también incluye dar seguridad, tranquilidad y confort a las mujeres que llegan al hospital. Y, sobre todo, se las cree. Se cuida también el aspecto psíquico y se les ofrece lo que necesitan si quieren presentar denuncia. “Nosotras –indica– somos las responsables de que todo el equipo, que es un equipo móvil porque trabaja en urgencias sepa tratar a la víctima, nos hemos de autoevaluar”.

En el Clínic se atienden a unas 500 personas al año que han sido agredidas sexualmente. El 90% son mujeres y el 100% de los agresores son hombres. Un 30% de las agredidas ha sufrido sumisión química. Desde que se conoció la violación en grupo de la Manada de Pamplona y la primera sentencia, explica Garcia-Esteve, han caído en picado las denuncias (del 80% al 60%).

De todas maneras, esta doctora en Psiquiatra considera que ha habido un cambio importante de mentalidad desde que cuajó el movimiento #MeToo y las mujeres son conscientes de lo que es un delito y, sobre todo, que no son ellas las “culpables” –por cómo visten, por si era de noche, por...– si no que es el agresor.

Lo que quiere subrayar Garcia-Esteve es que hay que trabajar para que quien ha sido agredida recupere su “salud integral”. “Hay un daño físico, pero su cerebro también ha sido agredido, la salud de esta persona está en juego, y también está en juego su futuro”, indica. Se han vulnerado sus derechos, sí, pero también su salud física y su salud mental. Son agresiones a la integridad de las mujeres.

En el Clínic se atienden a unas 500 personas al año que han sido agredidas sexualmente. El 90% son mujeres y el 100% de los agresores son hombres

Por ello, las dos profesionales del Clínic señalan que la perspectiva de género de todas las personas implicadas en la atención, porque si no es así de poco sirve.

Y la doctora lo dice para que no se piense que las mujeres son superwomen, para que no crean que deben ser valientes y superarlo todo. La violencia deja huella y es necesario un acompañamiento en el camino. Un 60% de las personas agredidas sufrirá algún tipo de estrés postraumático y las puertas del Clínic siempre seguirán abiertas.

Hablar de denuncias, de curas físicas y psíquicas, de apoyo, de detenciones, de escapar del sufrimiento y volver a recuperar la vida es hacerlo de estas profesionales. En Catalunya, explica Avellaneda hay 174 mossas y mossos que se dedican a la violencia machista y, al igual que todas, pone el acento en la educación de la sociedad, y de los niños.

Pero mientras se empuja el cambio de mentalidades, con todas la oposición que el machismo ejerce, hay que actuar cada día. Este año 2020, a fecha de 2 de marzo, han sido asesinadas 20 mujeres ha manos de sus parejas o exparejas. En el servicio de atención del Ayuntamiento se trabaja a fondo para que esto no suceda. Se ha doblado el presupuesto y se da alojamiento a todas las mujeres que lo necesitan.

Colaboramos, explica Capdevila, con otras ciudades en Catalunya porque es necesario en muchas ocasiones que ellas cambien su lugar de residencia para que el agresor no las encuentre. También hay convenios con otras autonomías, porque hay casos que requieren incluso salir de Catalunya. Y también en Barcelona se da acogida a mujeres que llegan de otros puntos en busca de un lugar en el que poder escapar y empezar a construir una nueva vida.

Para que cambien las mentalidades hay que empujar y la lucha contra las violencias machistas es el gran hilo conductor del feminismo y de nuevo de este 8-M. Va cuajando un cambio social y, como señala Ruth Capdevila, hay que valorar el trabajo de las que están a pie de calle. No lo dice por ella, pide expresamente que cite a su “equipazo”. Se trabaja con mujeres que viven situaciones muy duras, pero también cada vez hay más mujeres que se mueven anónimas por las calles de la ciudad dispuestas a cambiar el mundo con su quehacer diario.","covid, coronavirus, pandemia",10.0,GDELT,salud mental;estres;estrés;psiquiatra
